,total,data,pde
0,16.99861454963684,0.9134653031826019,16.085149312019347
1,3.2619847536087034,0.7817445397377014,2.4802402317523957
2,1.217391210794449,0.7286283403635025,0.4887628749012947
